{
    "CNN-LSTM": {
        "accuracy": 0.9947895791583167,
        "precision": 0.9948302667096387,
        "recall": 0.9947895791583167,
        "f1": 0.9947994889491647,
        "timestamp": 1777201965.4003482
    }
}